Time Stamp, Activator Amplitude, Activator Distance, Activator Width, Inhibitor Amplitude, Inhibitor Distance, Inhibitor Width, Kernel Integral
1638906993.007289,21,0,2.06,-6.5,4.25,1.38,7.424
1638907653.957553,20.267,0.0,1.817,-2.133,0.0,5.835,11.071
1638907800.636313,21.971,0.0,1.817,-2.133,0.0,5.835,12.219
1638907979.71131,250.67,0.0,1.817,-2.133,0.0,5.835,166.219
