Time Stamp, Activator Amplitude, Activator Distance, Activator Width, Inhibitor Amplitude, Inhibitor Distance, Inhibitor Width, Kernel Integral
1639001653.543286,21,0,2.06,-6.5,4.25,1.38,12.663
1639015132.136969,21.085,10.3,0.739,-19.733,8.7,0.935,-2.869
1639015880.349164,17.192,8.3,1.18,-13.333,10.7,1.18,4.554
1639022499.254684,13.251,8.9,0.886,-7.466,0.0,5.835,-10.028
1639023150.217336,12.844,8.9,0.886,-7.466,0.0,5.835,-10.389
